date,base_nav,ukf_timed_nav,rv_21d_timed_nav
2020-01-05,1.0,1.0,1.0
2020-01-06,1.0,1.0,1.0
2020-01-07,1.0,1.0,1.0
2020-01-08,0.9999897017630581,0.9999897017630581,0.9999897017630581
2020-01-09,1.0000205964738835,1.0000205964738835,1.0000205964738835
2020-01-10,1.0000334467300682,1.0000334467300682,1.0000334467300682
2020-01-13,1.0000411591377782,1.0000411591377782,1.0000411591377782
2020-01-14,1.000046296986253,1.000046296986253,1.000046296986253
2020-01-15,1.0000539841422618,1.0000539841422618,1.0000539841422618
2020-01-16,1.0000591023740335,1.0000591023740335,1.0000591023740335
2020-01-17,1.0000769378386358,1.0000769378386358,1.0000769378386358
2020-01-20,1.0000769378386358,1.0000769378386358,1.0000769378386358
2020-01-21,1.000077055503964,1.000077055503964,1.000077055503964
2020-01-22,1.0000871253719126,1.0000871253719126,1.0000871253719126
2020-01-23,1.0000896354848168,1.0000896354848168,1.0000896354848168
2020-01-24,1.0000393171934892,1.0000393171934892,1.0000393171934892
2020-01-27,0.9999385708751536,0.9999385708751536,0.9999385708751536
2020-01-28,1.0002796172378632,1.0002796172378632,1.0002796172378632
2020-01-29,1.000332695561946,1.000332695561946,1.000332695561946
2020-01-30,1.0003479065133891,1.0003479065133891,1.0003479065133891
2020-01-31,1.000130910398725,1.000130910398725,1.000130910398725
2020-02-03,1.000398880720531,1.000398880720531,1.000398880720531
2020-02-04,1.0004735124571693,1.0004735124571693,1.0004735124571693
2020-02-05,1.0004759869447406,1.0004759869447406,1.0004759869447406
2020-02-06,1.0004863505594157,1.0004863505594157,1.0004863505594157
2020-02-07,1.0004993050777595,1.0004993050777595,1.0004993050777595
2020-02-10,1.000524353987958,1.000524353987958,1.000524353987958
2020-02-11,1.000544415895328,1.000544415895328,1.0005389114754537
2020-02-12,1.00054943023321,1.00054943023321,1.0005428249293609
2020-02-13,1.0005519396800722,1.0005519396800722,1.000544233492248
2020-02-14,1.0005816677669344,1.0005816677669344,1.0005599885552237
2020-02-17,1.0005816677669344,1.0005816677669344,1.0005599885552237
2020-02-18,1.0005915514441894,1.0005915514441894,1.000565163730104
2020-02-19,1.0006039037357983,1.0006039037357983,1.0005716012802957
2020-02-20,1.0006039037357983,1.0006039037357983,1.0005716012802957
2020-02-21,1.0005916064865883,1.0005916064865883,1.0005619436329118
2020-02-24,0.9993559370543281,0.9993559370543281,0.9997432542382044
2020-02-25,0.9941498534325158,0.9941498534325158,0.9958775259611858
2020-02-26,0.9935500529514276,0.9935500529514276,0.9954728767715029
2020-02-27,0.9874460040459968,0.9874460040459968,0.9901220813050057
2020-02-28,0.9853762425506171,0.9853762425506171,0.9877219694529148
2020-03-02,0.9892312677623591,0.9892312677623591,0.9933662284450748
2020-03-03,0.9895883327491348,0.9895883327491348,0.994436310929525
2020-03-04,0.9895505787867986,0.9895505787867986,0.9937029323694216
2020-03-05,0.9920477487549476,0.9920477487549476,0.9987108074655892
2020-03-06,0.991724712539848,0.991724712539848,0.9988922397246204
2020-03-09,0.9829313183532206,0.9829313183532206,0.9925003293138516
2020-03-10,0.9939487027860233,0.9939487027860233,1.0007762829483973
2020-03-11,0.983607488042727,0.983607488042727,0.9930419186553044
2020-03-12,0.9709342498081113,0.9709342498081113,0.983030545167038
2020-03-13,0.9913851854680399,0.9952648647812942,0.9990230048971891
2020-03-16,0.9807993750661408,0.9795418137322638,0.9908764508220071
2020-03-17,0.9959799691495371,1.002070128719515,0.9992061620174446
2020-03-18,0.9861549809433882,0.9874891228357513,0.9937248894768708
2020-03-19,0.9871285192588745,0.9889323556445441,0.9939959557762065
2020-03-20,0.982050510752564,0.9811329922238823,0.9923123232589083
2020-03-23,0.9817993447223995,0.9808190941209484,0.9923004760134658
2020-03-24,0.9860871300545279,0.9869682856158983,0.992566957890405
2020-03-25,0.9879766455252974,0.9893213900896421,0.99265540650364
2020-03-26,0.9800398074273035,0.9840094979328249,0.99265540650364
2020-03-27,0.9897160431423918,0.9896624009354977,0.9929755370622292
2020-03-30,0.9898292533022506,0.9897128195524594,0.9929853961555191
2020-03-31,0.9945676986816797,0.9919058714455175,0.9935917018267547
2020-04-01,0.9961864964490551,0.9926219580149048,0.9937213255803796
2020-04-02,0.9978842032020788,0.9934533839228638,0.9940454617631981
2020-04-03,0.9999408633264948,0.9942208185473544,0.9946504655250628
2020-04-06,0.9957436076209274,0.9927676353985316,0.9933156969490661
2020-04-07,0.9965802831120758,0.9930141638214773,0.9936117413031074
2020-04-08,0.9868883868713623,0.9900636509660395,0.9902482537302577
2020-04-09,0.9842456069018682,0.989388098501611,0.9892414928861312
2020-04-10,0.9842456069018682,0.989388098501611,0.9892414928861312
2020-04-13,0.9853610008926993,0.9898500063859481,0.989748994927354
2020-04-14,0.9851730812529397,0.9897721849489131,0.9896634918660611
2020-04-15,0.9856337874665438,0.9899629729880958,0.9898731122743922
2020-04-16,0.9856337874665438,0.9899629729880958,0.9898731122743922
2020-04-17,0.985562847910738,0.9899228996521408,0.9898123601761807
2020-04-20,0.9863930725421106,0.9903748852453972,0.9904946400895255
2020-04-21,0.9851794705312125,0.9894295871085313,0.9890166256885481
2020-04-22,0.9873244312086127,0.9910346861250177,0.9915180328439765
2020-04-23,0.987699914022445,0.9913236025918628,0.9919693203956246
2020-04-24,0.9885088997237179,0.9921560145655032,0.9932424884517165
2020-04-27,0.9886439785718456,0.992313702796601,0.9934752872181749
2020-04-28,0.9889047878908528,0.9926286623318226,0.9939261960868094
2020-04-29,0.9886194886771857,0.9922473552002562,0.9934279630228007
2020-04-30,0.9890297355572367,0.9928002668797091,0.994145023591377
2020-05-01,0.9883754701381605,0.992941435819144,0.9931254498334282
2020-05-04,0.9891935134984318,0.992941435819144,0.994421642567308
2020-05-05,0.9898301072337357,0.993056340638079,0.9954240575831641
2020-05-06,0.9900514037263476,0.9931369455110634,0.9957703042561734
2020-05-07,0.9901067713941327,0.9931695304597166,0.9958562564384325
2020-05-08,0.9902606537456797,0.9933233648709309,0.9960920253495708
2020-05-11,0.9904491961287551,0.9935322461485782,0.9963798935136567
2020-05-12,0.9902319775251393,0.9933190264277669,0.9960653951512134
2020-05-13,0.9899052535269526,0.9929866732711512,0.995585069152633
2020-05-14,0.9906076129507818,0.9937043535320125,0.9966196405680388
2020-05-15,0.991022890733734,0.9939665684871649,0.9972455812554714
2020-05-18,0.99022851715333,0.9936898041195458,0.9960283914595375
2020-05-19,0.9913373325785233,0.994117649980806,0.9977289657467888
2020-05-20,0.9911546149236853,0.9940379880369404,0.9974483865796658
2020-05-21,0.9914660288227581,0.9941888070315439,0.9979271615462673
2020-05-22,0.9917100668559992,0.994426725033257,0.9982875704323626
2020-05-25,0.9917100668559992,0.994426725033257,0.9982875704323626
2020-05-26,0.9917990788166783,0.994527018076012,0.9984173599751653
2020-05-27,0.9917654952398346,0.9945119201873994,0.9983685833062063
2020-05-28,0.9918633623007997,0.9945653356968613,0.9985108045946669
2020-05-29,0.9921366680248132,0.9947787706135389,0.9988861282798803
2020-06-01,0.9922319652514057,0.994856938112972,0.9990157239885317
2020-06-02,0.9923733601660252,0.9950094715657063,0.9992067847240413
2020-06-03,0.992327161391962,0.9949545183495507,0.9991445295850758
2020-06-04,0.9924223112014183,0.9950609960906545,0.9992729730469043
2020-06-05,0.9921840400414941,0.994784472270993,0.9989477241746836
2020-06-08,0.9921018960708309,0.9946706591970323,0.9988288553483059
2020-06-09,0.9924235383702933,0.9951189648790955,0.9992847776851144
2020-06-10,0.9925466873268134,0.9952918576588247,0.9994548747460487
2020-06-11,0.9903613282403648,0.9921808211052645,0.9965900605031612
2020-06-12,0.994249752461242,0.99730295939898,1.0018882365176225
2020-06-15,0.9954382188829286,0.9987023588250752,1.0035962131403449
2020-06-16,0.9962191786356298,0.9996063592174033,1.0047082276450359
2020-06-17,0.9968765304130748,1.0005048445143185,1.0057354672201724
2020-06-18,0.9968765304130748,1.0005048445143185,1.0057354672201724
2020-06-19,0.9971043268609334,1.000829681652487,1.006100382344412
2020-06-22,0.997511879788085,1.0013534598706895,1.0064826894230847
2020-06-23,0.997718485664951,1.0016354489194488,1.0066501857466206
2020-06-24,0.9975755792680908,1.0014327921988757,1.0065464909432755
2020-06-25,0.9978609888777014,1.0018331549583706,1.0067605861690951
2020-06-26,0.9977129623067548,1.0016090005280847,1.00666881092817
2020-06-29,0.9982733554503826,1.0024479774483492,1.0070274741354566
2020-06-30,0.9982448673257518,1.0023999152719747,1.007019903789357
2020-07-01,0.9984107278291594,1.002656887849255,1.0071089977144363
2020-07-02,0.9985853651447008,1.002929706374037,1.0071983776593234
2020-07-03,0.9985853651447008,1.002929706374037,1.0071983776593234
2020-07-06,0.9986791046015487,1.0030733042636089,1.0071983776593234
2020-07-07,0.998716600384288,1.0031307434194376,1.0071983776593234
2020-07-08,0.9987299917352663,1.0031512574036623,1.0071983776593234
2020-07-09,0.9987299917352663,1.0031512574036623,1.0071983776593234
2020-07-10,0.9989721737718811,1.003400004325907,1.0072690297425853
2020-07-13,0.9989405848105835,1.0033675590751794,1.0072598142534641
2020-07-14,0.9993367038019384,1.0038202028694243,1.007422725579887
2020-07-15,0.9994651732548933,1.0039694253514568,1.0074780646119057
2020-07-16,0.9994939970850181,1.0040034485706046,1.0074910423831158
2020-07-17,0.9996700781913928,1.0041419725102716,1.0077098020066246
2020-07-20,0.9997683627503314,1.0042154999484167,1.0078395418758193
2020-07-21,0.9998227284152039,1.0042650750621553,1.0079207815143432
2020-07-22,0.9998537869133446,1.0042920591076752,1.0079657693845134
2020-07-23,0.9998589651021182,1.0042968701864723,1.007973602144972
2020-07-24,0.9999559603892119,1.0043887443906576,1.0081187576095292
2020-07-27,1.0001293176539963,1.0045532219862945,1.0083779470387615
2020-07-28,1.0001395621844498,1.0045636702527965,1.008393514384611
2020-07-29,1.0001989504385287,1.0046316722018112,1.0084863159388133
2020-07-30,1.0002145289335134,1.0046508236137424,1.008511111047349
2020-07-31,1.0004172752445413,1.0049858835001704,1.008848930929255
2020-08-03,1.0004583053487301,1.0050548781761672,1.0089175054787598
2020-08-04,1.0005094405793618,1.0051447122147064,1.0090007897577749
2020-08-05,1.000529901203026,1.0051804919432559,1.009034207779718
2020-08-06,1.0005324546988517,1.005185060588616,1.0090383198385002
2020-08-07,1.0006181286528504,1.0053304255350892,1.009169809128557
2020-08-10,1.0006507728484741,1.0053850180379185,1.0092192596256517
2020-08-11,1.0005634548236326,1.0052506449312686,1.0090931518447699
2020-08-12,1.0007032016763222,1.0054664823491524,1.0092953928390365
2020-08-13,1.00071566210382,1.0054853783475153,1.0093132408988568
2020-08-14,1.0007849353952787,1.0055765704610213,1.0094140925189867
2020-08-17,1.0008244720282524,1.0056272873375651,1.0094718079671692
2020-08-18,1.000851685882292,1.0056600685388106,1.009510043760216
2020-08-19,1.0008516673572234,1.005661260911027,1.0095108686616896
2020-08-20,1.0008838510779878,1.005698593163516,1.009555081533549
2020-08-21,1.000930864744921,1.0057509514833478,1.0096181100997828
2020-08-24,1.0009704479595418,1.0057943797818416,1.009670708517518
2020-08-25,1.0010074057580665,1.0058336671206005,1.0097212903358517
2020-08-26,1.000963211230912,1.0057879807094152,1.0096592931121067
2020-08-27,1.0010320106314867,1.005859541637311,1.0097552939484533
2020-08-28,1.0011355960702526,1.0059736246298574,1.0099363070689238
2020-08-31,1.0011427948693044,1.0059816406932385,1.0099493914782058
2020-09-01,1.0012215201552173,1.0060320913795344,1.0101026914666156
2020-09-02,1.0012144618138004,1.0060355571455564,1.0100867548658485
2020-09-03,1.0011692506619572,1.0060159537096656,1.0099961452777937
2020-09-04,1.0012321637979316,1.0059823481639203,1.0101267674201768
2020-09-07,1.0012321637979316,1.0059823481639203,1.0101267674201768
2020-09-08,0.9990050816251154,1.0023737497696912,1.0058602488965218
2020-09-09,1.002920582083818,1.0079901166019585,1.012973348044576
2020-09-10,1.0029425042179416,1.0080013702971793,1.0130024120344134
2020-09-11,1.0035344889296465,1.0082356502257017,1.0134416034771419
2020-09-14,1.0038505553440167,1.008346878152409,1.0136072918960375
2020-09-15,1.0039669467324008,1.0083693534321925,1.0136437011790396
2020-09-16,1.0039966571113077,1.008375187810136,1.0136531246013771
2020-09-17,1.004021673137054,1.0083762894534751,1.0136559862417927
2020-09-18,1.004103832822363,1.0083786029044872,1.0136654478103566
2020-09-21,1.0039211389630367,1.0083786029044872,1.0136441597142605
2020-09-22,1.0046802770572334,1.0085043440166492,1.013770900472264
2020-09-23,1.0045346875605483,1.0084047470961248,1.0137236123652447
2020-09-24,1.004757297556104,1.0085143037087017,1.013782907510415
2020-09-25,1.0049557163662468,1.0086655854133693,1.0138737177897963
2020-09-28,1.0048440990683576,1.0085687239639964,1.013814310167927
2020-09-29,1.0050301238315624,1.0087349707109494,1.0139137439435664
2020-09-30,1.0052234528942297,1.0089102308634676,1.0140173005194124
2020-10-01,1.005274402008746,1.0089597939604404,1.0140448881362483
2020-10-02,1.0054052917584664,1.0090985851019927,1.0141163321853541
2020-10-05,1.00552534194198,1.009231551249207,1.0141821418709356
2020-10-06,1.0055980256890766,1.0093168742531924,1.0142256136529044
2020-10-07,1.0056556752672539,1.0093846693451318,1.0142601843580672
2020-10-08,1.0056782474426178,1.0094116415709342,1.0142740421228578
2020-10-09,1.0057376112738927,1.0094809699852931,1.014335856366474
2020-10-12,1.0056441587794536,1.0093728934777944,1.01422177593587
2020-10-13,1.00584959798478,1.0096106006793888,1.0144862417314087
2020-10-14,1.0058739374147172,1.0096387754739393,1.014518993564373
2020-10-15,1.0058981079568163,1.0096667726740676,1.0145535658420148
2020-10-16,1.0059945127172494,1.0097860458572367,1.014703929768997
2020-10-19,1.0059342845105468,1.0097108497264475,1.0146088742060246
2020-10-20,1.0062358178314645,1.010092320244525,1.0150898574491902
2020-10-21,1.0063081897513588,1.0101839280675051,1.015205350481833
2020-10-22,1.0063444002292687,1.0102300750955033,1.0152634535874234
2020-10-23,1.0064323664548938,1.010399601429035,1.0154220962852412
2020-10-26,1.006361397928416,1.0102571203877049,1.0152923679241947
2020-10-27,1.0066144421929064,1.0107651582594461,1.0157416101329666
2020-10-28,1.0047440291684484,1.0070098865369759,1.0124714906336914
2020-10-29,1.006236192995313,1.0100057372110092,1.0150821383006705
2020-10-30,1.0065911637604679,1.010665892054264,1.0157434280761333
2020-11-02,1.0072896237972953,1.0119359134019432,1.0170667866480398
2020-11-03,1.0066068633310392,1.010790982717587,1.0158726476538606
2020-11-04,1.00698192502599,1.011523486514086,1.016635326006191
2020-11-05,1.0049955678475546,1.0082988366182921,1.0132707403589667
2020-11-06,1.0056805539862923,1.009402437696894,1.0142762369285174
2020-11-09,1.0054901546082464,1.0090997317935464,1.014051988249713
2020-11-10,1.005965447560243,1.0098185381291918,1.0145341845039328
2020-11-11,1.0060982519971777,1.0100126834892749,1.0146548034110354
2020-11-12,1.0061030350938198,1.0100191295877345,1.0146579969715463
2020-11-13,1.006380712860342,1.0103206903517576,1.0147531109564725
2020-11-16,1.0064700141961405,1.0104157089407142,1.0147812598792232
2020-11-17,1.0065215926642999,1.0104631838845108,1.014797357502073
2020-11-18,1.0065403667372639,1.0104815729797831,1.0148032409220944
2020-11-19,1.0065567558307333,1.010495308494949,1.0148083266890193
2020-11-20,1.006617852942396,1.010571883602348,1.0148318831584424
2020-11-23,1.0066767077422427,1.0106601429823614,1.0148566928455456
2020-11-24,1.0066696199848009,1.010656223948836,1.014852824799717
2020-11-25,1.006709724860924,1.0106940863904483,1.01487265346573
2020-11-26,1.006709724860924,1.0106940863904483,1.01487265346573
2020-11-27,1.006709724860924,1.0106940863904483,1.01487265346573
2020-11-30,1.006709724860924,1.0106940863904483,1.01487265346573
2020-12-01,1.0067236103421784,1.010710839411736,1.0148806727541315
2020-12-02,1.006735181576557,1.0107248002628089,1.0148873554944662
2020-12-03,1.006735181576557,1.0107248002628089,1.0148873554944662
2020-12-04,1.0068312377522344,1.0108718304519801,1.0149750616455537
2020-12-07,1.0068632564774602,1.0109208405150372,1.0150042970292497
2020-12-08,1.0068927481023497,1.0109640220564116,1.015036709548754
2020-12-09,1.0068950905499672,1.0109680599604844,1.0150375827033309
2020-12-10,1.006910970655677,1.010991311559686,1.0150550355984487
2020-12-11,1.0069176862195601,1.011005109886432,1.0150542846461137
2020-12-14,1.006954272230301,1.011045989660782,1.0151205154243017
2020-12-15,1.0071900720847793,1.0113404719654628,1.0155546431388915
2020-12-16,1.0072656202191368,1.011434889324996,1.0156937496285832
2020-12-17,1.0072976956195783,1.0114777311050078,1.0157534554162728
2020-12-18,1.0074182708759198,1.0116541623552124,1.0159601922750081
2020-12-21,1.007447747132183,1.0116990878594876,1.0160086667377273
2020-12-22,1.0075362901925538,1.0118350441556827,1.0161500669416246
2020-12-23,1.0075680759605696,1.01188386012501,1.0162007879833883
2020-12-24,1.0075680759605696,1.01188386012501,1.0162007879833883
2020-12-25,1.0075680759605696,1.01188386012501,1.0162007879833883
2020-12-28,1.0075680759605696,1.01188386012501,1.0162007879833883
2020-12-29,1.0075703601882682,1.0118849314561018,1.016204335804666
2020-12-30,1.007581781326761,1.0118902881115615,1.0162220749110544
2020-12-31,1.007581781326761,1.0118902881115615,1.0162220749110544
2021-01-01,1.007581781326761,1.0118902881115615,1.0162220749110544
2021-01-04,1.0075953243031874,1.0118922207786902,1.0162421204489185
2021-01-05,1.007708182440076,1.0119083263380968,1.0164091665977864
2021-01-06,1.0077442970438804,1.0119134801171068,1.016462621365424
2021-01-07,1.0077442970438804,1.0119134801171068,1.016462621365424
2021-01-08,1.0077937619559567,1.0119685793361595,1.0165400085502603
2021-01-11,1.0078342332476555,1.0120136605153844,1.0166033253378537
2021-01-12,1.0079758497966134,1.0121789783585071,1.01677850535112
2021-01-13,1.00802449341294,1.0122358880916762,1.0168379118526127
2021-01-14,1.0080311017455983,1.0122437033738998,1.0168454678699876
2021-01-15,1.0080685672660312,1.0122883416406099,1.0168876343789892
2021-01-18,1.0080685672660312,1.0122883416406099,1.0168876343789892
2021-01-19,1.008214554551716,1.0124718828751618,1.017032386309169
2021-01-20,1.0082590828682374,1.0125295537069783,1.017076599927591
2021-01-21,1.0082814436081986,1.0125590732148504,1.0170988232025207
2021-01-22,1.0083210313928803,1.0126104792586665,1.017126769108144
2021-01-25,1.0083560525228201,1.0126557343908575,1.017148548074603
2021-01-26,1.0084086687043439,1.012705216015153,1.0171676009288309
2021-01-27,1.007859918650946,1.012334581356217,1.0170762754663305
2021-01-28,1.0084174119173124,1.0127191585230566,1.0171749907555112
2021-01-29,1.008267751104643,1.012506587641189,1.016918911284566
2021-02-01,1.0088245257980428,1.0131718271252308,1.0176121465726997
2021-02-02,1.008905638538417,1.013261114128424,1.0177220096008344
2021-02-03,1.0090370812523437,1.0133858996507525,1.0179231892425373
2021-02-04,1.009014384484126,1.013365242435985,1.0178874156268145
2021-02-05,1.0091445297611543,1.0134693255745684,1.0180259452615492
2021-02-08,1.009157739827912,1.0134774302560465,1.0180286028846763
2021-02-09,1.009183964061523,1.0135029067762582,1.0180312605078035
2021-02-10,1.0092014468839303,1.013519891123066,1.018033032256555
2021-02-11,1.0092187991064017,1.0135430535747105,1.018033032256555
2021-02-12,1.0092792163011852,1.013632820196355,1.0180474817690008
2021-02-15,1.0092792163011852,1.013632820196355,1.0180474817690008
2021-02-16,1.0092921515720723,1.0136523665453105,1.0180510941471124
2021-02-17,1.0093308132019618,1.0137046133051888,1.018063116832199
2021-02-18,1.009343661963186,1.0137203242819512,1.0180674405407617
2021-02-19,1.0094508066870798,1.0137969658614066,1.0181186987058062
2021-02-22,1.0094765257236358,1.0138121028468619,1.018131914301038
2021-02-23,1.0095669147037445,1.0139001510295296,1.0181884364966105
2021-02-24,1.0096530703709266,1.01399068620037,1.0182442228947293
2021-02-25,1.0095258338419932,1.0138423678570887,1.0181576108923371
2021-02-26,1.0099945874524827,1.0142907477150376,1.0185194152257036
2021-03-01,1.0106624438275515,1.0148673346153128,1.0190620141053868
2021-03-02,1.0107985447434176,1.0150140549756974,1.0192086253023795
2021-03-03,1.0108682923470371,1.015084433993271,1.0192778259719226
2021-03-04,1.0108682923470371,1.015084433993271,1.0192778259719226
2021-03-05,1.011499939590177,1.0157110497114656,1.0201295679258748
2021-03-08,1.0115816422286263,1.0157905815547827,1.0202414830148616
2021-03-09,1.0118850690858459,1.0160875848365964,1.0206878214832507
2021-03-10,1.011950998118256,1.0161521602648185,1.0207855920573738
2021-03-11,1.0119597821666775,1.0161607721711425,1.0207987723105407
2021-03-12,1.0120508994739625,1.016252543402415,1.020898564579693
2021-03-15,1.0120812099541052,1.0162832086025542,1.0209296842033495
2021-03-16,1.0120791192840153,1.0162806203793728,1.0209315444656208
2021-03-17,1.0121349144143363,1.0163402223817264,1.0209621174355274
2021-03-18,1.0121006704747,1.0163030545627483,1.0209483286448557
2021-03-19,1.012353803826652,1.0166130621947627,1.0210021365422892
2021-03-22,1.0124939315871007,1.0167907283554327,1.0210236608929268
2021-03-23,1.0124723608817392,1.016764573505763,1.0210178403363364
2021-03-24,1.0125109167701853,1.016812263647635,1.0210262699051253
2021-03-25,1.0125369033845708,1.0168434201875636,1.0210340223604364
2021-03-26,1.0126021784081547,1.0168538057008731,1.0210626410036499
2021-03-29,1.0126239525692273,1.0168538057008731,1.0210726542695896
2021-03-30,1.0126797410713644,1.0168630017412936,1.0211018894153752
2021-03-31,1.0127012404602198,1.0168660670881005,1.0211129695660957
2021-04-01,1.0127097669431706,1.0168681106526383,1.0211176861289921
2021-04-02,1.0127097669431706,1.0168681106526383,1.0211176861289921
2021-04-05,1.0127097669431706,1.0168681106526383,1.0211176861289921
2021-04-06,1.01272254717161,1.0168717078328153,1.02112925263746
2021-04-07,1.0127310673239027,1.0168741059529334,1.0211369636431054
2021-04-08,1.0127310673239027,1.0168741059529334,1.0211369636431054
2021-04-09,1.0127476732801903,1.0168781147222632,1.021159863737813
2021-04-12,1.0127601277474059,1.0168811212992606,1.0211770388088437
2021-04-13,1.0127766354947125,1.0168901539364805,1.0212019215886687
2021-04-14,1.012776684599203,1.0168876420025355,1.02120093024611
2021-04-15,1.0127889917529476,1.016898184381368,1.021221079344817
2021-04-16,1.0128197573625124,1.0169257452130454,1.021272297169487
2021-04-19,1.0128259103189856,1.0169313450073514,1.021282602194632
2021-04-20,1.0128259677670184,1.0169318420514215,1.0212834866399563
2021-04-21,1.0128502923527474,1.0169517560082952,1.0213202845139149
2021-04-22,1.0128502923527474,1.0169517560082952,1.0213202845139149
2021-04-23,1.012921265148968,1.0170382701698264,1.0214343558400363
2021-04-26,1.0129293791812677,1.0170485981514088,1.021447530057229
2021-04-27,1.0129415441934349,1.0170600723797878,1.021467020975093
2021-04-28,1.0129537031693197,1.0170675288641724,1.0214862414850319
2021-04-29,1.0129577541491872,1.0170686751109692,1.021492558185703
2021-04-30,1.0129618113644219,1.0170677443430545,1.021498857492517
2021-05-03,1.0129860798314239,1.0170870839121036,1.021536862059689
2021-05-04,1.0129901234449366,1.0170928912193975,1.02154325406258
2021-05-05,1.0130143953049011,1.017104478651089,1.021581084904665
2021-05-06,1.0130346246823405,1.0171076747297008,1.0216124658354968
2021-05-07,1.013069098840119,1.0171337985273268,1.0216696332448136
2021-05-10,1.013069098840119,1.0171337985273268,1.0216696332448136
2021-05-11,1.0130172477310497,1.017043093223764,1.0216000276646464
2021-05-12,1.0124917005305054,1.0161629292768524,1.0208725022909861
2021-05-13,1.0131717452552982,1.0172784374619113,1.0218270504323803
2021-05-14,1.0133603122075656,1.0175784242633115,1.0221438865469468
2021-05-17,1.0134144303796053,1.017662865842259,1.0222440637629353
2021-05-18,1.0134250012457895,1.0176809104899387,1.0222684937323292
2021-05-19,1.0134758932718224,1.0177494631383686,1.0223286621373147
2021-05-20,1.01353670206241,1.0178288369044886,1.0223926000310326
2021-05-21,1.013602302798584,1.0178999987681794,1.0224387683381144
2021-05-24,1.0136228562516827,1.0179212630414358,1.0224516070797829
2021-05-25,1.0136371837171094,1.0179347053166559,1.0224590094795476
2021-05-26,1.0136616879895146,1.0179563752017384,1.022470190051141
2021-05-27,1.0136698294350974,1.0179629572896283,1.022473212588604
2021-05-28,1.013698129766965,1.0179785929632297,1.022479181544666
2021-05-31,1.013698129766965,1.0179785929632297,1.022479181544666
2021-06-01,1.0137142568759927,1.0179858358317988,1.0224815386795454
2021-06-02,1.0137384085125514,1.0179970729221022,1.0224856825656672
2021-06-03,1.0137384085125514,1.0179970729221022,1.0224856825656672
2021-06-04,1.013778608518777,1.0180276424514103,1.0224982956759543
2021-06-07,1.013790665923645,1.018038295788822,1.022502748156501
2021-06-08,1.0137906866583404,1.0180383853516335,1.0225024625197907
2021-06-09,1.013790728127731,1.018038564477256,1.0225018912463701
2021-06-10,1.0138227153298172,1.0180662568745305,1.0225160496215102
2021-06-11,1.0138487446932463,1.018087775443046,1.0225305848052666
2021-06-14,1.0138727881104563,1.018107236068642,1.0225452455918949
2021-06-15,1.0138568602740463,1.0180963822042866,1.0225331000914768
2021-06-16,1.0138569866595422,1.0180990320618388,1.0225301355381446
2021-06-17,1.0139167160460796,1.018139734053172,1.0225756811647122
2021-06-18,1.0138304096888928,1.0181259793923907,1.0223963322305802
2021-06-21,1.0140485906411578,1.0181990979134015,1.0227530960393598
2021-06-22,1.0141091950158092,1.0182117386430212,1.0228610304414085
2021-06-23,1.0141334922227974,1.018216046571473,1.0229051784550351
2021-06-24,1.014137564864432,1.0182164527414665,1.022912942395976
2021-06-25,1.0141497092533032,1.0182185174760383,1.0229342522606149
2021-06-28,1.014173703886916,1.0182260318435457,1.0229689441571586
2021-06-29,1.0141856266231808,1.0182370115263168,1.0229844128497707
2021-06-30,1.0142055102803789,1.0182541072477658,1.0230105068800674
2021-07-01,1.0142134339110414,1.0182638345359523,1.0230201935899224
2021-07-02,1.0142331878446302,1.0182954759763438,1.0230424781630088
2021-07-05,1.0142331878446302,1.0182954759763438,1.0230424781630088
2021-07-06,1.014241083903759,1.0183088648744931,1.0230511987720883
2021-07-07,1.0142528259010621,1.0183272283095206,1.0230631808764479
2021-07-08,1.0142489289171928,1.018321393816544,1.023059369976538
2021-07-09,1.014373443004333,1.018544806898519,1.0231890564122537
2021-07-12,1.0143967857220293,1.018587408885356,1.0232135227024577
2021-07-13,1.0143851394684822,1.0185675338665396,1.0232019725112722
2021-07-14,1.0144239854189405,1.0186352099038631,1.0232411561024735
2021-07-15,1.014431749587972,1.0186484599164074,1.0232488562299304
2021-07-16,1.0144356457583217,1.0186576211331193,1.0232547129839322
2021-07-19,1.0143213320311588,1.0184995925520786,1.0231707347854744
2021-07-20,1.0147132094473277,1.0190295579107214,1.0235108025803215
2021-07-21,1.0147561891937131,1.0190872615390805,1.0235499670413943
2021-07-22,1.0147640278491104,1.019097669770381,1.0235576231177188
2021-07-23,1.0147951898894472,1.0191251769260403,1.023602193462787
2021-07-26,1.0148068653377207,1.0191347353717584,1.023619654451461
2021-07-27,1.0147895878611362,1.0191113145981372,1.0236037734243737
2021-07-28,1.014822338323755,1.0191511132080666,1.0236388115873236
2021-07-29,1.014830027677607,1.0191611187472296,1.0236463280640702
2021-07-30,1.014837717031459,1.0191711242863926,1.0236538445408168
2021-08-02,1.014853129253868,1.0191911142400822,1.0236704330637953
2021-08-03,1.0148994057331353,1.019203108212296,1.0237118062339154
2021-08-04,1.0149071168208448,1.0192071062030341,1.0237190514455528
2021-08-05,1.0149148312262244,1.0192071062030341,1.023725597290622
2021-08-06,1.0149379529158344,1.0192210786719487,1.0237446872959592
2021-08-09,1.0149456587106025,1.0192266676595145,1.0237510141290802
2021-08-10,1.0149456587106025,1.0192266676595145,1.0237510141290802
2021-08-11,1.014964833247107,1.0192483083474357,1.023761833808237
2021-08-12,1.0149686561610192,1.019253658914221,1.0237633314235823
2021-08-13,1.0149877385117145,1.0192805365299815,1.023771014019786
2021-08-16,1.0149991750345855,1.019296713012172,1.0237757013852993
2021-08-17,1.014995418769422,1.019296513840061,1.023775834031183
2021-08-18,1.0149082046701343,1.0192157690484276,1.023754023404372
2021-08-19,1.0150125269627892,1.0193164510728305,1.0237814524952404
2021-08-20,1.015214111368865,1.0194604216324585,1.0241182284755161
2021-08-23,1.0152333675900522,1.0194729845291406,1.0241570740772628
2021-08-24,1.0152487012926417,1.019484458737863,1.0241879494690502
2021-08-25,1.015263999358051,1.019496644892274,1.0242187243160328
2021-08-26,1.0152563681439364,1.0194901958422242,1.024203387164944
2021-08-27,1.0153809939263425,1.0196352372002704,1.0243961206713654
2021-08-30,1.0154073808631223,1.0196674668835009,1.0244347183285403
2021-08-31,1.0154111504255194,1.0196720711239624,1.0244402322795652
2021-09-01,1.0154299639130915,1.0196997201898408,1.024465716305647
2021-09-02,1.0154374801549433,1.0197120139131444,1.0244753537216682
2021-09-03,1.0154637233185322,1.0197485573020146,1.0245059765101479
2021-09-06,1.0154637233185322,1.0197485573020146,1.0245059765101479
2021-09-07,1.0154787048559217,1.019767957034468,1.0245227648081145
2021-09-08,1.0154936662514387,1.0197844480047138,1.0245388017029258
2021-09-09,1.0155048721916717,1.0197946346607425,1.0245502658216674
2021-09-10,1.0153659604293441,1.019600478852944,1.0243817887452027
2021-09-13,1.0155536075575449,1.019855906932728,1.0246067152392107
2021-09-14,1.0156592880435633,1.0200023649808456,1.0247442487438492
2021-09-15,1.0157539857453788,1.020135075031917,1.0248736288133058
2021-09-16,1.0157729804944398,1.0201619325796794,1.024900573258089
2021-09-17,1.0157334123320527,1.0201315723966335,1.0248479661627643
2021-09-20,1.015567114035359,1.0199646677556715,1.0246214583519262
2021-09-21,1.0159950521512966,1.0203438263309779,1.0252280684070327
2021-09-22,1.0162924875403054,1.020594019944434,1.0256559769161817
2021-09-23,1.0163193281925351,1.0206139108811494,1.0256958581569686
2021-09-24,1.0163637091747868,1.020640275101401,1.0257720877261143
2021-09-27,1.0163907850476188,1.0206549664815912,1.0258207892863094
2021-09-28,1.016075676106105,1.0204458345853928,1.025514267510961
2021-09-29,1.016345362620323,1.0206208441832514,1.0258037290943867
2021-09-30,1.0163358233703061,1.0206144213308133,1.0257950762322658
2021-10-01,1.0167709795380142,1.0208534594796723,1.0262697577975857
2021-10-04,1.0167709795380142,1.0208534594796723,1.0262697577975857
2021-10-05,1.0169933075568351,1.0209907145097108,1.0265129347271513
2021-10-06,1.0170323150413825,1.0210155544408208,1.0265550424838283
2021-10-07,1.0170479201270726,1.0210261093528774,1.0265714337698555
2021-10-08,1.0170946968903345,1.0210680244568011,1.0265972331602946
2021-10-11,1.0171063891564596,1.0210790157511698,1.0266025142845223
2021-10-12,1.0171723348428334,1.0211574940947994,1.026611316158235
2021-10-13,1.017230485685124,1.02122864490885,1.0266165972824628
2021-10-14,1.0172459718771791,1.0212486980820772,1.0266165972824628
2021-10-15,1.0172809360694266,1.0212872716336405,1.0266210706711427
2021-10-18,1.0173082052696958,1.021313200163311,1.0266273334152947
2021-10-19,1.0173236014216787,1.0213331143746833,1.026629768651689
2021-10-20,1.0173351950977085,1.0213467755560366,1.026631880947622
2021-10-21,1.0173389975736615,1.0213530285860555,1.026632203888083
2021-10-22,1.0173578464036528,1.0213881110318308,1.0266364841538964
2021-10-25,1.0173690902817383,1.0214106874175681,1.0266401185387874
2021-10-26,1.0173653485516359,1.0214038675667747,1.0266384079980215
2021-10-27,1.0173803279305647,1.0214325581921866,1.026644252002814
2021-10-28,1.0173878113907697,1.0214461978937734,1.026647673084346
2021-10-29,1.0174102367695002,1.0214844015835438,1.0266628251072498
2021-11-01,1.0174158399889472,1.0214936130791126,1.0266672242102644
2021-11-02,1.0174288281060568,1.0215147824247952,1.0266789031824513
2021-11-03,1.017443640932182,1.021538860197012,1.0266927557215528
2021-11-04,1.0174473333810135,1.0215448391220687,1.026696395656139
2021-11-05,1.0174729623635588,1.0215885007735048,1.0267306615570686
2021-11-08,1.017487557631465,1.0216138638145627,1.0267522503824744
2021-11-09,1.0174948257376133,1.0216250611492192,1.0267636231804698
2021-11-10,1.0175021233715664,1.0216377426697483,1.0267744175931728
2021-11-11,1.0175166005282534,1.0216571689673166,1.0267983199597484
2021-11-12,1.0175457834813837,1.021689293925066,1.0268491162422948
2021-11-15,1.017556755668777,1.0217004998295485,1.026868538791924
2021-11-16,1.0175604130645748,1.0217042351310426,1.0268750129751338
2021-11-17,1.0175786162093061,1.021717140376746,1.0269058697178157
2021-11-18,1.0175822456603514,1.0217189519243177,1.02691183917657
2021-11-19,1.0176040025986048,1.0217291454260142,1.0269469773708875
2021-11-22,1.0176112483220168,1.0217323179986686,1.0269584639162577
2021-11-23,1.0176456383910173,1.021750339725546,1.0270122217429625
2021-11-24,1.0176637346214097,1.021760239161695,1.0270404025971855
2021-11-25,1.0176637346214097,1.021760239161695,1.0270404025971855
2021-11-26,1.0176745851283904,1.0217669660251893,1.0270570969060386
2021-11-29,1.0184731355965841,1.0221898961728375,1.0282764753096492
2021-11-30,1.018271328666354,1.0220786875960477,1.0279523995352784
2021-12-01,1.0182004468327945,1.0220354648372982,1.0278232601330788
2021-12-02,1.0185718407704138,1.0222437846958645,1.0284331275614402
2021-12-03,1.0185298183317373,1.0222173202587894,1.0283633843682731
2021-12-06,1.0188613751684696,1.0224166963582517,1.0289112531663547
2021-12-07,1.0188969387820332,1.0224377626965433,1.0289614308359167
2021-12-08,1.0190114306890004,1.0225060223966065,1.029134798548463
2021-12-09,1.0190600966865087,1.0225348500174267,1.0292034627278634
2021-12-10,1.019228651550715,1.022555246915261,1.0292235669478442
2021-12-13,1.0192503514471836,1.022557142690427,1.0292241543464813
2021-12-14,1.0192070580187753,1.0225569521447713,1.0292242522462542
2021-12-15,1.0193658714992917,1.0225600514819597,1.0292247417451186
2021-12-16,1.0193622630317671,1.0225600125197918,1.0292247417451186
2021-12-17,1.0193279589835265,1.0225427902276008,1.0292091058485784
2021-12-20,1.0192990815585063,1.0225355648270384,1.0292026911217926
2021-12-21,1.01971039099433,1.0226668819146951,1.0293080265609527
2021-12-22,1.0197323034265187,1.0226768493941452,1.0293150996854452
2021-12-23,1.019735997892454,1.0226792687122248,1.0293166555527613
2021-12-24,1.019735997892454,1.0226792687122248,1.0293166555527613
2021-12-27,1.0197578000859284,1.0227001385904386,1.0293261249146828
2021-12-28,1.0197614337848409,1.0227036169034742,1.0293277031416697
2021-12-29,1.0197650674837533,1.0227070952165098,1.0293292813686565
2021-12-30,1.0197650674837533,1.0227070952165098,1.0293292813686565
2021-12-31,1.0197899841645095,1.022742096518516,1.0293408275164961
2022-01-03,1.0198113413194434,1.0227720976345214,1.0293507242146442
2022-01-04,1.0198184783657798,1.022780940487847,1.0293545581234378
2022-01-05,1.0197898402069758,1.022751356667926,1.0293365474412088
2022-01-06,1.019822037891602,1.0227859406738478,1.0293562075731293
2022-01-07,1.0198781237774392,1.0228687839609727,1.0294025374371563
2022-01-10,1.019887175432596,1.0228834364361752,1.0294091447864782
2022-01-11,1.0199490840700645,1.0229757522059115,1.0294794161846816
2022-01-12,1.019974576980181,1.023013741674734,1.029508430757355
2022-01-13,1.019970929704535,1.0230084258700944,1.0295039006903954
2022-01-14,1.020102826523387,1.0231734261062826,1.0296897563691967
2022-01-17,1.020111850193869,1.0231844827999463,1.0297026590931169
2022-01-18,1.0199624650245147,1.0229999249466846,1.0294703777084124
2022-01-19,1.0200743340301879,1.0231369713151828,1.0296300087356824
2022-01-20,1.0199389700924015,1.022969141411924,1.0294122049704606
2022-01-21,1.0185137239440425,1.0213089054189952,1.0269321098064275
2022-01-24,1.0187488805145184,1.0215663922323373,1.0273700615198127
2022-01-25,1.0188708545830238,1.021580623567754,1.027604261746453
2022-01-26,1.02000992756851,1.0226013460595742,1.0297390122331422
2022-01-27,1.020269862717756,1.0226149544577139,1.0302390951725118
2022-01-28,1.0208177970436825,1.0226192197765338,1.031245957897541
2022-01-31,1.0206708026797218,1.0226192197765338,1.0309780628414915
2022-02-01,1.0208688950227622,1.0226192197765338,1.0313151029844665
2022-02-02,1.0203175879728168,1.0226192197765338,1.0303286918520898
2022-02-03,1.0204830725041316,1.0226192197765338,1.0305898477230324
2022-02-04,1.0209435326356482,1.0229850979875525,1.031039465848977
2022-02-07,1.021092380975291,1.0231107214076447,1.0311792441767065
2022-02-08,1.0212330838312982,1.0232414894850472,1.0313033342410187
2022-02-09,1.0212518301813405,1.0232587676999607,1.031319963851023
2022-02-10,1.0212632042681942,1.0232705523875705,1.0313291832041602
2022-02-11,1.0205639158418047,1.0224773216566971,1.0309779525996996
2022-02-14,1.0209416458502913,1.0229048164520562,1.031170748006911
2022-02-15,1.0218959741649247,1.0240003055545221,1.0316754096510279
2022-02-16,1.0220441109300806,1.024174375707684,1.03175832469665
2022-02-17,1.0220402466366203,1.0241696967425282,1.03175600447155
2022-02-18,1.0221284610017396,1.0242781128137755,1.0318087506231315
2022-02-21,1.0222123511149215,1.0243824036778661,1.031858747993345
2022-02-22,1.0225533462362577,1.024767568699239,1.0320810161949725
2022-02-23,1.0219670943734764,1.0240908263076423,1.0317060333923673
2022-02-24,1.0222790077986639,1.0243823108724182,1.031939231399455
2022-02-25,1.0219114190986012,1.0238970077261489,1.0315248650202042
2022-02-28,1.0223031834206497,1.0243898746956939,1.0319425156655357
2022-03-01,1.0226321214137246,1.024794099113895,1.032312403746057
2022-03-02,1.0232207117220324,1.0255662756356496,1.0328764760956965
2022-03-03,1.023306357117132,1.0256793049890407,1.0329572123173054
2022-03-04,1.0234017382387592,1.025851817575144,1.0330847003617911
2022-03-07,1.0227068090349845,1.0244590208256232,1.0320463480454407
2022-03-08,1.0225809154637016,1.0242160679170276,1.0318379550061005
2022-03-09,1.0249651541982285,1.0288857873185027,1.0356361569646206
2022-03-10,1.025176246891908,1.0292888208548983,1.0359949779136326
2022-03-11,1.025163690505395,1.0292942912941467,1.0359871217660472
2022-03-14,1.0252613959232662,1.0294384035808304,1.0361337661101468
2022-03-15,1.0262113619376652,1.0308134095571044,1.0374159237164051
2022-03-16,1.026135403299748,1.0307078548166586,1.0373375026630427
2022-03-17,1.0259503416890077,1.030445619375755,1.037118622176001
2022-03-18,1.0253284398239046,1.0295581828788518,1.0363081496431452
2022-03-21,1.0254619230723299,1.0297392349732224,1.0363680513331277
2022-03-22,1.0255003341633293,1.0297831474286854,1.0363662895187165
2022-03-23,1.0255624554285976,1.029860708101112,1.0363786222195952
2022-03-24,1.0255816995508222,1.0298830887906858,1.0363786222195952
2022-03-25,1.0256567873096911,1.0299844678705503,1.0363898097871578
2022-03-28,1.0256779670585416,1.0300135162946755,1.0363933258798204
2022-03-29,1.0256240549705584,1.0299395748514475,1.0363843758257703
2022-03-30,1.0257275115713964,1.0300452054846305,1.0364042791647297
2022-03-31,1.0257237345239263,1.0300452054846305,1.0364032623722355
2022-04-01,1.0258432524254155,1.0301212785308103,1.0364540226758732
2022-04-04,1.0258730837715895,1.0301430136868617,1.036467363571205
2022-04-05,1.025854256914984,1.0301254704307703,1.0364569637810663
2022-04-06,1.0258729926389663,1.030141034295082,1.036466332705927
2022-04-07,1.0258918650618836,1.0301595672470634,1.0364772479287048
2022-04-08,1.0259567883170762,1.0302329012808784,1.0365308885169322
2022-04-11,1.0259491312025844,1.0302240135290748,1.0365241611662808
2022-04-12,1.026058072692954,1.0303528169349365,1.0366404086834053
2022-04-13,1.026134511229304,1.0304433505627113,1.0367233612440285
2022-04-14,1.0261536098126778,1.0304661219787998,1.0367454059720267
2022-04-15,1.0261458957283336,1.0304564689835247,1.0367324522896733
2022-04-18,1.0262346076982907,1.0305674784291887,1.0368814196367366
2022-04-19,1.026285145446054,1.0306277515088742,1.0369704369997823
2022-04-20,1.0263084857988496,1.0306554747998982,1.0370117072607168
2022-04-21,1.0263084857988496,1.0306554747998982,1.0370117072607168
2022-04-22,1.0252911327542398,1.0294983060554432,1.035425525203218
2022-04-25,1.0259855564637652,1.0302883643301426,1.0365108771727243
2022-04-26,1.0236063547597034,1.0275263084272102,1.032766178061971
2022-04-27,1.0245769623952654,1.0286691564927544,1.0343014434301718
2022-04-28,1.0249121920130195,1.0290875719404555,1.0348429082734487
2022-04-29,1.0250504775104257,1.0292928485908657,1.0350701421473631
2022-05-02,1.0256045496446424,1.0301688957017774,1.0359869565162738
2022-05-03,1.0261592101298307,1.0310990619933873,1.036828139465755
2022-05-04,1.025812675771009,1.0304932162827325,1.0363381792432675
2022-05-05,1.0264468266674818,1.0315927562996055,1.037247968216715
2022-05-06,1.0268003585821321,1.0321045839356302,1.0375780883229433
2022-05-09,1.0239337693409134,1.0281586256248576,1.0352587316163795
2022-05-10,1.0251299545443715,1.0295844427839074,1.0360441083545862
2022-05-11,1.0251299545443715,1.0295844427839074,1.0360441083545862
2022-05-12,1.0251756952697362,1.0296266500463496,1.0360639631409232
2022-05-13,1.0262630770590848,1.030630031785318,1.03653596556157
2022-05-16,1.0262630770590848,1.030630031785318,1.03653596556157
2022-05-17,1.026405611488885,1.0306829934024262,1.036572994178517
2022-05-18,1.0261205426292843,1.03057707016821,1.0364989369446231
2022-05-19,1.0263694460365476,1.0306695553801748,1.036563598857799
2022-05-20,1.0267767041040787,1.0308466683986475,1.0366676408273043
2022-05-23,1.0270319246980961,1.0309729298408201,1.0367318007492496
2022-05-24,1.0273959409692262,1.0311562888790669,1.0368608694733528
2022-05-25,1.0275143525194737,1.031215928320154,1.036902788288622
2022-05-26,1.0273211568709475,1.0311182325904877,1.0368299181661087
2022-05-27,1.0241410733964886,1.0293978821326872,1.035556282189467
2022-05-30,1.0239536206943538,1.0292751117300774,1.0354670907298194
2022-05-31,1.0250191545315386,1.02997405474402,1.0359659533412613
2022-06-01,1.0254343542706854,1.0302465551827247,1.0361592314040362
2022-06-02,1.0254797040605035,1.0302766740436688,1.0361776725633245
2022-06-03,1.0256900710902925,1.0304360144374445,1.0363024380116321
2022-06-06,1.0257359455601516,1.030471226525946,1.0363305745860265
2022-06-07,1.0257921643581054,1.0305126852628783,1.0363675808697668
2022-06-08,1.0258421314364272,1.0305494259751387,1.036400632489177
2022-06-09,1.025792179917683,1.0305130197579175,1.0363671094348434
2022-06-10,1.0241979995300379,1.0283603919163258,1.0346405763013746
2022-06-13,1.019685674615905,1.022260040867136,1.0297487611987415
2022-06-14,1.0196057669692724,1.022205110759189,1.0297840693007556
2022-06-15,1.0232655471655965,1.0274268559192181,1.0343807889962429
2022-06-16,1.0213642751356575,1.0244695999020168,1.0314312272484287
2022-06-17,1.0213642751356575,1.0244695999020168,1.0314312272484287
2022-06-20,1.0222337793722922,1.0252935580600573,1.0329823310548691
2022-06-21,1.0231122475701293,1.0261260106320982,1.0345494256222005
2022-06-22,1.0231391394537366,1.0261514938740994,1.034597397904874
2022-06-23,1.0231391394537366,1.0261514938740994,1.034597397904874
2022-06-24,1.0231391394537366,1.0261514938740994,1.034597397904874
2022-06-27,1.0229045538130712,1.025680940563494,1.0342428982067724
2022-06-28,1.0234876016189969,1.026850471121892,1.0351239848350637
2022-06-29,1.023528597167851,1.0269327037392793,1.0351859362386155
2022-06-30,1.023528597167851,1.0269327037392793,1.0351859362386155
2022-07-01,1.0237909470933388,1.0274591275946536,1.0354873957923056
2022-07-04,1.0237954317074498,1.027468126293036,1.0354925489470697
2022-07-05,1.023956619013232,1.0277618729403037,1.0356694695451683
2022-07-06,1.024028238645268,1.0278901894876449,1.0357474644055527
2022-07-07,1.0240461387606434,1.0279217092449524,1.0357668039915116
2022-07-08,1.024259960926062,1.0282593809545428,1.0359959309472133
2022-07-11,1.0243579105648153,1.0284119852402414,1.0361007903521335
2022-07-12,1.024177878955696,1.028132491737807,1.0359920896187087
2022-07-13,1.0243848078270084,1.0284539635221284,1.0361357336692172
2022-07-14,1.0245341023321317,1.028685738621708,1.0362258757408378
2022-07-15,1.0248013381278076,1.029088041281908,1.0364568230622133
2022-07-18,1.024844139483814,1.0291508696653324,1.0365027005519045
2022-07-19,1.0247450205541149,1.0290053723563493,1.0363964579441984
2022-07-20,1.0248800402711935,1.0292037218900087,1.0365464451489514
2022-07-21,1.0249022111512114,1.029236649741029,1.0365833684999508
2022-07-22,1.0251209035499205,1.0295671393663584,1.036972564450028
2022-07-25,1.025177147365856,1.0296533140824626,1.0370778334383797
2022-07-26,1.0250971692894226,1.029573941899649,1.0369442324493707
2022-07-27,1.0252549866986356,1.0297466762799292,1.0372138675717564
2022-07-28,1.0252766036355112,1.029769005134751,1.0372503044244419
2022-07-29,1.0252771068905753,1.0297836785406707,1.037250914743366
2022-08-01,1.0253921398638628,1.0298547316117292,1.0374456139214985
2022-08-02,1.0254390051492763,1.0298836791591974,1.0375249358088858
2022-08-03,1.0255243600671253,1.0299124422649144,1.037651485440956
2022-08-04,1.0255409482902962,1.0299172121666387,1.0376754663301115
2022-08-05,1.0256049291271225,1.0299446934251297,1.037762241917266
2022-08-08,1.0256358598178983,1.029958828080849,1.0378036578007848
2022-08-09,1.0256399839100017,1.0299607127016115,1.0378091799185873
2022-08-10,1.0256998941999818,1.0299910923573654,1.0378804034669995
2022-08-11,1.0257081625577305,1.0299954166270173,1.0378898391281093
2022-08-12,1.025749058485977,1.0300133626626042,1.037925268062161
2022-08-15,1.0257653404240474,1.030019911023238,1.0379374254578106
2022-08-16,1.0257895608243826,1.0300248222937134,1.0379497025098008
2022-08-17,1.0258097107402,1.0300280964740303,1.0379589402128786
2022-08-18,1.0258117122313304,1.0300280964740303,1.0379594667137542
2022-08-19,1.0258297296284105,1.030030060144953,1.0379664907095631
2022-08-22,1.025683475618793,1.029958386156271,1.0378446358362223
2022-08-23,1.025866460098325,1.0300819658927363,1.0380110622916223
2022-08-24,1.0260864766517614,1.0302729113102975,1.0382286200855033
2022-08-25,1.0261472273335395,1.0303354948026666,1.0382927540516158
2022-08-26,1.025958689419324,1.0301069716877633,1.0379878913026583
2022-08-29,1.026084763958699,1.0302573608458199,1.0381842745450942
2022-08-30,1.0260888115433286,1.030261887492984,1.0381902389322364
2022-08-31,1.0263417776869175,1.0305665051856783,1.0385875122901809
2022-09-01,1.0264346088490788,1.0306838737990343,1.0387396027457492
2022-09-02,1.0265221952733203,1.030787752420299,1.038883595123888
2022-09-05,1.0265308514017806,1.0307973247769135,1.0388978758742116
2022-09-06,1.026685323299033,1.0309674424090516,1.0391432194814818
2022-09-07,1.0267658548328569,1.031056103356985,1.0392707581838299
2022-09-08,1.026796382455251,1.0310896649297603,1.03931846169089
2022-09-09,1.02677505274619,1.031081531518928,1.0392914821098904
2022-09-12,1.026504050561755,1.0309042106005049,1.0389180185731905
2022-09-13,1.026237546845902,1.030904271195103,1.0388184287226503
2022-09-14,1.026790382558184,1.0311438934805306,1.0393929101918378
2022-09-15,1.0266998851357523,1.0311074094305688,1.0393030760096884
2022-09-16,1.0270441616024644,1.0312459345716791,1.0396638931544455
2022-09-19,1.0273952476591386,1.0313905989100927,1.0397918105067359
2022-09-20,1.027218574916687,1.0313159904496212,1.0397334952515465
2022-09-21,1.027599066961208,1.0314747468815317,1.0398655211173269
2022-09-22,1.0277898621341233,1.0315604422289442,1.0399113672143463
2022-09-23,1.027476538460277,1.0312479187534105,1.039644000957688
2022-09-26,1.027392615374091,1.0311765930768035,1.03958623257333
2022-09-27,1.0280379740841126,1.0316518372021848,1.0400870899087435
2022-09-28,1.0288823357472114,1.0322458587620367,1.0407638605956968
2022-09-29,1.028900958671176,1.0322555827638165,1.0407813984378584
2022-09-30,1.0288553640314964,1.0321263868905446,1.0406324119764219
2022-10-03,1.0298473572721643,1.0333735790299337,1.0423003925726269
2022-10-04,1.0278901486504333,1.0305850267845158,1.039321866558068
2022-10-05,1.028613871927967,1.0316059996587452,1.0404329266244505
2022-10-06,1.0297250323572051,1.033180337570192,1.0421323014947412
2022-10-07,1.0301694421763432,1.0341952232867033,1.0433568165588696
2022-10-10,1.030260296559444,1.0342613108949985,1.0434071732713983
2022-10-11,1.0299439038937972,1.0340000808729033,1.0432328888922642
2022-10-12,1.0305499127846114,1.0344653169636107,1.0435679263289068
2022-10-13,1.0310701049055198,1.0349658272379936,1.0438520093285129
2022-10-14,1.032125756422073,1.0365908791571243,1.0452076839474707
2022-10-17,1.0320487325543,1.0364697841558106,1.0451055396586013
2022-10-18,1.0315511113804638,1.0356166792359571,1.0444632474079856
2022-10-19,1.0327774624852812,1.0376820394644883,1.0460553583235588
2022-10-20,1.0331858622640142,1.038413217230211,1.0465747619688344
2022-10-21,1.0332108608027213,1.0384759895089999,1.0466229181532252
2022-10-24,1.0332061953883436,1.0384702105350645,1.0466193222405022
2022-10-25,1.0327142570469425,1.0379338708650534,1.0462776331336279
2022-10-26,1.0338412042258742,1.039139959456786,1.0470487980567367
2022-10-27,1.0339424157717367,1.0392251695214347,1.0471061954336789
2022-10-28,1.0340106539985117,1.0392991099915228,1.0471374605271853
2022-10-31,1.034298930423243,1.0396737354058478,1.0472414788612021
2022-11-01,1.0343662730261503,1.0397636009773856,1.047264776161015
2022-11-02,1.0340213054121663,1.039247894372092,1.047169021070141
2022-11-03,1.0337399840446164,1.038832534387646,1.0470887176538997
2022-11-04,1.0349049048668586,1.0405489067357794,1.0474651497858234
2022-11-07,1.034946294970085,1.0406091678995777,1.0474873630645738
2022-11-08,1.0348822691088584,1.0405716200406672,1.0474533694889996
2022-11-09,1.0352120182672278,1.0408388586216821,1.0476289329611475
2022-11-10,1.0343422366885597,1.0401947037059833,1.0471662494113445
2022-11-11,1.0330785765084283,1.0389802604133394,1.0462970279247132
2022-11-14,1.0346277600490226,1.0407731233202238,1.047577647970127
2022-11-15,1.0337684793532023,1.0397086109692613,1.0468252756928418
2022-11-16,1.0354352714867632,1.0415575008419857,1.0481550532571653
2022-11-17,1.0354482458506362,1.0415575008419857,1.0481567666588822
2022-11-18,1.0355700056157455,1.0415678337292302,1.0481985014076767
2022-11-21,1.035609214008348,1.0415722621094778,1.0482146743268717
2022-11-22,1.0356222833104525,1.0415756163945504,1.0482213117069312
2022-11-23,1.0356440655076427,1.041580893843284,1.0482321662725316
2022-11-24,1.0356440655076427,1.041580893843284,1.0482321662725316
2022-11-25,1.0356742240393242,1.0415906863978202,1.0482469378333201
2022-11-28,1.035678513182853,1.0415920724601628,1.0482489240676702
2022-11-29,1.0357085413863623,1.0416127653508125,1.0482634011176442
2022-11-30,1.0358115007753896,1.041698235504729,1.0483137944372822
2022-12-01,1.0358501125144661,1.041735438587878,1.0483329607178606
2022-12-02,1.0358968679820675,1.0417955304548294,1.0483597373902405
2022-12-05,1.0358820244566702,1.0417744761923051,1.04835082897668
2022-12-06,1.0355596118516186,1.0413163340739524,1.048157446597877
2022-12-07,1.0357122524974816,1.0415325348215252,1.0482490972993388
2022-12-08,1.035949869780237,1.041870615952211,1.0483915596089683
2022-12-09,1.0361579604842936,1.0421849626643367,1.0485603985889658
2022-12-12,1.0358857521289784,1.0417598952579945,1.0483061003740823
2022-12-13,1.0367506352436981,1.043118407049142,1.0496116556252413
2022-12-14,1.0373652651345915,1.044085523802943,1.0506451480296652
2022-12-15,1.0373652651345915,1.044085523802943,1.0506451480296652
2022-12-16,1.0373652651345915,1.044085523802943,1.0506451480296652
2022-12-19,1.0371013684338335,1.0437038102512606,1.0501188477201275
2022-12-20,1.0373760805731471,1.0441011678009626,1.0506667177144824
2022-12-21,1.037851959869596,1.0447895037138324,1.0516157838464357
2022-12-22,1.037851959869596,1.0447895037138324,1.0516157838464357
2022-12-23,1.0379504480572515,1.0449085096136155,1.0517519699646243
2022-12-26,1.0379504480572515,1.0449085096136155,1.0517519699646243
2022-12-27,1.038029221504614,1.044998378659071,1.051855753102286
2022-12-28,1.038033657233672,1.0450042446599106,1.0518623764022026
2022-12-29,1.0380743169165962,1.0450488191158147,1.0519141917087442
2022-12-30,1.0381337953573329,1.0451097920499068,1.0519890421072269
2023-01-02,1.0381337953573329,1.0451097920499068,1.0519890421072269
